[{"model": "admin.logentry", "pk": 1, "fields": {"action_time": "2023-01-06T03:47:55.985Z", "user": 1, "content_type": 21, "object_id": "1", "object_repr": "Anagram Hunt", "action_flag": 1, "change_message": "[{\"added\": {}}]"}}, {"model": "admin.logentry", "pk": 2, "fields": {"action_time": "2023-01-06T18:38:01.787Z", "user": 1, "content_type": 20, "object_id": "2", "object_repr": "bgrove1", "action_flag": 1, "change_message": "[{\"added\": {}}]"}}, {"model": "admin.logentry", "pk": 3, "fields": {"action_time": "2023-01-06T18:39:21.112Z", "user": 1, "content_type": 21, "object_id": "2", "object_repr": "Anagram Hunt. This Text box is too big.", "action_flag": 1, "change_message": "[{\"added\": {}}]"}}, {"model": "admin.logentry", "pk": 4, "fields": {"action_time": "2023-01-06T18:42:08.572Z", "user": 1, "content_type": 20, "object_id": "1", "object_repr": "admin", "action_flag": 2, "change_message": "[{\"changed\": {\"fields\": [\"First name\", \"Last name\", \"Date of Birth\"]}}]"}}, {"model": "admin.logentry", "pk": 5, "fields": {"action_time": "2023-01-06T19:00:49.673Z", "user": 1, "content_type": 20, "object_id": "2", "object_repr": "bgrove1", "action_flag": 3, "change_message": ""}}, {"model": "admin.logentry", "pk": 6, "fields": {"action_time": "2023-01-08T21:07:28.230Z", "user": 1, "content_type": 25, "object_id": "2", "object_repr": "bgrove1@cox.net", "action_flag": 3, "change_message": ""}}, {"model": "admin.logentry", "pk": 7, "fields": {"action_time": "2023-01-08T21:21:24.984Z", "user": 1, "content_type": 25, "object_id": "5", "object_repr": "bgrove1@cox.net", "action_flag": 3, "change_message": ""}}, {"model": "admin.logentry", "pk": 8, "fields": {"action_time": "2023-01-08T21:21:24.986Z", "user": 1, "content_type": 25, "object_id": "4", "object_repr": "bgrove1@cox.net", "action_flag": 3, "change_message": ""}}, {"model": "admin.logentry", "pk": 9, "fields": {"action_time": "2023-01-08T21:21:24.987Z", "user": 1, "content_type": 25, "object_id": "3", "object_repr": "bgrove1@cox.net", "action_flag": 3, "change_message": ""}}, {"model": "admin.logentry", "pk": 10, "fields": {"action_time": "2023-01-08T21:36:01.282Z", "user": 1, "content_type": 25, "object_id": "12", "object_repr": "bgrove1@cox.net", "action_flag": 3, "change_message": ""}}, {"model": "admin.logentry", "pk": 11, "fields": {"action_time": "2023-01-08T21:36:01.284Z", "user": 1, "content_type": 25, "object_id": "11", "object_repr": "bgrove1@cox.net", "action_flag": 3, "change_message": ""}}, {"model": "admin.logentry", "pk": 12, "fields": {"action_time": "2023-01-08T21:36:01.285Z", "user": 1, "content_type": 25, "object_id": "10", "object_repr": "bgrove1@cox.net", "action_flag": 3, "change_message": ""}}, {"model": "admin.logentry", "pk": 13, "fields": {"action_time": "2023-01-08T21:36:01.286Z", "user": 1, "content_type": 25, "object_id": "9", "object_repr": "bgrove1@cox.net", "action_flag": 3, "change_message": ""}}, {"model": "admin.logentry", "pk": 14, "fields": {"action_time": "2023-01-08T21:36:01.287Z", "user": 1, "content_type": 25, "object_id": "8", "object_repr": "bgrove1@cox.net", "action_flag": 3, "change_message": ""}}, {"model": "admin.logentry", "pk": 15, "fields": {"action_time": "2023-01-08T21:36:01.288Z", "user": 1, "content_type": 25, "object_id": "7", "object_repr": "bgrove1@cox.net", "action_flag": 3, "change_message": ""}}, {"model": "admin.logentry", "pk": 16, "fields": {"action_time": "2023-01-08T21:36:01.289Z", "user": 1, "content_type": 25, "object_id": "6", "object_repr": "bgrove1@cox.net", "action_flag": 3, "change_message": ""}}, {"model": "admin.logentry", "pk": 17, "fields": {"action_time": "2023-01-09T19:23:45.435Z", "user": 1, "content_type": 25, "object_id": "17", "object_repr": "bgrove1@cox.net", "action_flag": 3, "change_message": ""}}, {"model": "admin.logentry", "pk": 18, "fields": {"action_time": "2023-01-09T19:23:45.441Z", "user": 1, "content_type": 25, "object_id": "16", "object_repr": "bgrove1@cox.net", "action_flag": 3, "change_message": ""}}, {"model": "admin.logentry", "pk": 19, "fields": {"action_time": "2023-01-09T19:23:45.442Z", "user": 1, "content_type": 25, "object_id": "15", "object_repr": "bgrove1@cox.net", "action_flag": 3, "change_message": ""}}, {"model": "admin.logentry", "pk": 20, "fields": {"action_time": "2023-01-09T19:23:45.443Z", "user": 1, "content_type": 25, "object_id": "14", "object_repr": "bgrove1@cox.net", "action_flag": 3, "change_message": ""}}, {"model": "admin.logentry", "pk": 21, "fields": {"action_time": "2023-01-09T19:23:45.444Z", "user": 1, "content_type": 25, "object_id": "13", "object_repr": "bgrove1@cox.net", "action_flag": 3, "change_message": ""}}, {"model": "admin.logentry", "pk": 22, "fields": {"action_time": "2023-01-09T23:06:56.768Z", "user": 1, "content_type": 27, "object_id": "1", "object_repr": "Anagram Hunt", "action_flag": 1, "change_message": "[{\"added\": {}}]"}}, {"model": "admin.logentry", "pk": 23, "fields": {"action_time": "2023-01-09T23:07:04.026Z", "user": 1, "content_type": 27, "object_id": "2", "object_repr": "Math Facts", "action_flag": 1, "change_message": "[{\"added\": {}}]"}}, {"model": "admin.logentry", "pk": 24, "fields": {"action_time": "2023-01-09T23:24:27.852Z", "user": 1, "content_type": 25, "object_id": "27", "object_repr": "bgrove1@cox.net", "action_flag": 3, "change_message": ""}}, {"model": "admin.logentry", "pk": 25, "fields": {"action_time": "2023-01-09T23:24:27.854Z", "user": 1, "content_type": 25, "object_id": "26", "object_repr": "bgrove1@cox.net", "action_flag": 3, "change_message": ""}}, {"model": "admin.logentry", "pk": 26, "fields": {"action_time": "2023-01-09T23:24:27.855Z", "user": 1, "content_type": 25, "object_id": "25", "object_repr": "bgrove1@cox.net", "action_flag": 3, "change_message": ""}}, {"model": "admin.logentry", "pk": 27, "fields": {"action_time": "2023-01-09T23:24:27.856Z", "user": 1, "content_type": 25, "object_id": "24", "object_repr": "bgrove1@cox.net", "action_flag": 3, "change_message": ""}}, {"model": "admin.logentry", "pk": 28, "fields": {"action_time": "2023-01-09T23:24:27.857Z", "user": 1, "content_type": 25, "object_id": "23", "object_repr": "bgrove1@cox.net", "action_flag": 3, "change_message": ""}}, {"model": "admin.logentry", "pk": 29, "fields": {"action_time": "2023-01-09T23:24:27.858Z", "user": 1, "content_type": 25, "object_id": "22", "object_repr": "bgrove1@cox.net", "action_flag": 3, "change_message": ""}}, {"model": "admin.logentry", "pk": 30, "fields": {"action_time": "2023-01-09T23:24:27.859Z", "user": 1, "content_type": 25, "object_id": "21", "object_repr": "bgrove1@cox.net", "action_flag": 3, "change_message": ""}}, {"model": "admin.logentry", "pk": 31, "fields": {"action_time": "2023-01-09T23:24:27.859Z", "user": 1, "content_type": 25, "object_id": "20", "object_repr": "bgrove1@cox.net", "action_flag": 3, "change_message": ""}}, {"model": "admin.logentry", "pk": 32, "fields": {"action_time": "2023-01-09T23:24:27.860Z", "user": 1, "content_type": 25, "object_id": "19", "object_repr": "bgrove1@cox.net", "action_flag": 3, "change_message": ""}}, {"model": "admin.logentry", "pk": 33, "fields": {"action_time": "2023-01-09T23:24:27.861Z", "user": 1, "content_type": 25, "object_id": "18", "object_repr": "bgrove1@cox.net", "action_flag": 3, "change_message": ""}}, {"model": "admin.logentry", "pk": 34, "fields": {"action_time": "2023-01-10T02:10:55.713Z", "user": 1, "content_type": 27, "object_id": "None", "object_repr": "Any Game 1", "action_flag": 1, "change_message": "[{\"added\": {}}]"}}, {"model": "admin.logentry", "pk": 35, "fields": {"action_time": "2023-01-10T02:29:48.873Z", "user": 1, "content_type": 27, "object_id": "1", "object_repr": "1", "action_flag": 1, "change_message": "[{\"added\": {}}]"}}, {"model": "admin.logentry", "pk": 36, "fields": {"action_time": "2023-01-10T02:33:58.291Z", "user": 1, "content_type": 27, "object_id": "6", "object_repr": "6", "action_flag": 1, "change_message": "[{\"added\": {}}]"}}, {"model": "admin.logentry", "pk": 37, "fields": {"action_time": "2023-01-10T02:34:47.484Z", "user": 1, "content_type": 27, "object_id": "9", "object_repr": "9", "action_flag": 1, "change_message": "[{\"added\": {}}]"}}, {"model": "admin.logentry", "pk": 38, "fields": {"action_time": "2023-01-10T02:38:01.374Z", "user": 1, "content_type": 27, "object_id": "6", "object_repr": "6", "action_flag": 3, "change_message": ""}}, {"model": "admin.logentry", "pk": 39, "fields": {"action_time": "2023-01-10T02:40:10.637Z", "user": 1, "content_type": 27, "object_id": "9", "object_repr": "9", "action_flag": 3, "change_message": ""}}, {"model": "admin.logentry", "pk": 40, "fields": {"action_time": "2023-01-10T02:40:10.640Z", "user": 1, "content_type": 27, "object_id": "1", "object_repr": "1", "action_flag": 3, "change_message": ""}}, {"model": "admin.logentry", "pk": 41, "fields": {"action_time": "2023-01-10T03:11:41.553Z", "user": 1, "content_type": 27, "object_id": "1", "object_repr": "1", "action_flag": 1, "change_message": "[{\"added\": {}}]"}}, {"model": "admin.logentry", "pk": 42, "fields": {"action_time": "2023-01-10T03:12:08.116Z", "user": 1, "content_type": 27, "object_id": "2", "object_repr": "2", "action_flag": 1, "change_message": "[{\"added\": {}}]"}}, {"model": "admin.logentry", "pk": 43, "fields": {"action_time": "2023-01-10T03:14:48.422Z", "user": 1, "content_type": 28, "object_id": "None", "object_repr": "Comment", "action_flag": 1, "change_message": "[{\"added\": {}}]"}}, {"model": "admin.logentry", "pk": 44, "fields": {"action_time": "2023-01-10T03:22:18.524Z", "user": 1, "content_type": 28, "object_id": "1", "object_repr": "comment", "action_flag": 1, "change_message": "[{\"added\": {}}]"}}, {"model": "admin.logentry", "pk": 45, "fields": {"action_time": "2023-01-10T03:22:33.121Z", "user": 1, "content_type": 28, "object_id": "1", "object_repr": "comment", "action_flag": 2, "change_message": "[]"}}, {"model": "admin.logentry", "pk": 46, "fields": {"action_time": "2023-01-10T03:25:17.874Z", "user": 1, "content_type": 28, "object_id": "6", "object_repr": "another comment", "action_flag": 1, "change_message": "[{\"added\": {}}]"}}, {"model": "admin.logentry", "pk": 47, "fields": {"action_time": "2023-01-10T03:27:54.749Z", "user": 1, "content_type": 28, "object_id": "2", "object_repr": "comment", "action_flag": 1, "change_message": "[{\"added\": {}}]"}}, {"model": "admin.logentry", "pk": 48, "fields": {"action_time": "2023-01-10T03:28:05.943Z", "user": 1, "content_type": 28, "object_id": "6", "object_repr": "another comment", "action_flag": 3, "change_message": ""}}, {"model": "admin.logentry", "pk": 49, "fields": {"action_time": "2023-01-10T03:28:05.946Z", "user": 1, "content_type": 28, "object_id": "2", "object_repr": "comment", "action_flag": 3, "change_message": ""}}, {"model": "admin.logentry", "pk": 50, "fields": {"action_time": "2023-01-10T03:28:05.947Z", "user": 1, "content_type": 28, "object_id": "1", "object_repr": "comment", "action_flag": 3, "change_message": ""}}, {"model": "admin.logentry", "pk": 51, "fields": {"action_time": "2023-01-10T03:28:25.566Z", "user": 1, "content_type": 28, "object_id": "1", "object_repr": "A review", "action_flag": 1, "change_message": "[{\"added\": {}}]"}}, {"model": "admin.logentry", "pk": 52, "fields": {"action_time": "2023-01-10T03:29:00.377Z", "user": 1, "content_type": 28, "object_id": "1", "object_repr": "A review", "action_flag": 2, "change_message": "[]"}}, {"model": "admin.logentry", "pk": 53, "fields": {"action_time": "2023-01-12T20:12:54.736Z", "user": 1, "content_type": 28, "object_id": "1", "object_repr": "Review object (1)", "action_flag": 3, "change_message": ""}}, {"model": "admin.logentry", "pk": 54, "fields": {"action_time": "2023-01-12T20:36:14.969Z", "user": 1, "content_type": 28, "object_id": "1", "object_repr": "Review object (1)", "action_flag": 1, "change_message": "[{\"added\": {}}]"}}, {"model": "admin.logentry", "pk": 55, "fields": {"action_time": "2023-01-12T20:48:40.310Z", "user": 1, "content_type": 22, "object_id": "1", "object_repr": "ReviewVote object (1)", "action_flag": 1, "change_message": "[{\"added\": {}}]"}}, {"model": "admin.logentry", "pk": 56, "fields": {"action_time": "2023-01-12T21:14:01.816Z", "user": 1, "content_type": 28, "object_id": "4", "object_repr": "Review object (4)", "action_flag": 1, "change_message": "[{\"added\": {}}]"}}, {"model": "auth.permission", "pk": 1, "fields": {"name": "Can add log entry", "content_type": 1, "codename": "add_logentry"}}, {"model": "auth.permission", "pk": 2, "fields": {"name": "Can change log entry", "content_type": 1, "codename": "change_logentry"}}, {"model": "auth.permission", "pk": 3, "fields": {"name": "Can delete log entry", "content_type": 1, "codename": "delete_logentry"}}, {"model": "auth.permission", "pk": 4, "fields": {"name": "Can view log entry", "content_type": 1, "codename": "view_logentry"}}, {"model": "auth.permission", "pk": 5, "fields": {"name": "Can add permission", "content_type": 2, "codename": "add_permission"}}, {"model": "auth.permission", "pk": 6, "fields": {"name": "Can change permission", "content_type": 2, "codename": "change_permission"}}, {"model": "auth.permission", "pk": 7, "fields": {"name": "Can delete permission", "content_type": 2, "codename": "delete_permission"}}, {"model": "auth.permission", "pk": 8, "fields": {"name": "Can view permission", "content_type": 2, "codename": "view_permission"}}, {"model": "auth.permission", "pk": 9, "fields": {"name": "Can add group", "content_type": 3, "codename": "add_group"}}, {"model": "auth.permission", "pk": 10, "fields": {"name": "Can change group", "content_type": 3, "codename": "change_group"}}, {"model": "auth.permission", "pk": 11, "fields": {"name": "Can delete group", "content_type": 3, "codename": "delete_group"}}, {"model": "auth.permission", "pk": 12, "fields": {"name": "Can view group", "content_type": 3, "codename": "view_group"}}, {"model": "auth.permission", "pk": 13, "fields": {"name": "Can add content type", "content_type": 4, "codename": "add_contenttype"}}, {"model": "auth.permission", "pk": 14, "fields": {"name": "Can change content type", "content_type": 4, "codename": "change_contenttype"}}, {"model": "auth.permission", "pk": 15, "fields": {"name": "Can delete content type", "content_type": 4, "codename": "delete_contenttype"}}, {"model": "auth.permission", "pk": 16, "fields": {"name": "Can view content type", "content_type": 4, "codename": "view_contenttype"}}, {"model": "auth.permission", "pk": 17, "fields": {"name": "Can add session", "content_type": 5, "codename": "add_session"}}, {"model": "auth.permission", "pk": 18, "fields": {"name": "Can change session", "content_type": 5, "codename": "change_session"}}, {"model": "auth.permission", "pk": 19, "fields": {"name": "Can delete session", "content_type": 5, "codename": "delete_session"}}, {"model": "auth.permission", "pk": 20, "fields": {"name": "Can view session", "content_type": 5, "codename": "view_session"}}, {"model": "auth.permission", "pk": 21, "fields": {"name": "Can add site", "content_type": 6, "codename": "add_site"}}, {"model": "auth.permission", "pk": 22, "fields": {"name": "Can change site", "content_type": 6, "codename": "change_site"}}, {"model": "auth.permission", "pk": 23, "fields": {"name": "Can delete site", "content_type": 6, "codename": "delete_site"}}, {"model": "auth.permission", "pk": 24, "fields": {"name": "Can view site", "content_type": 6, "codename": "view_site"}}, {"model": "auth.permission", "pk": 25, "fields": {"name": "Can add email address", "content_type": 7, "codename": "add_emailaddress"}}, {"model": "auth.permission", "pk": 26, "fields": {"name": "Can change email address", "content_type": 7, "codename": "change_emailaddress"}}, {"model": "auth.permission", "pk": 27, "fields": {"name": "Can delete email address", "content_type": 7, "codename": "delete_emailaddress"}}, {"model": "auth.permission", "pk": 28, "fields": {"name": "Can view email address", "content_type": 7, "codename": "view_emailaddress"}}, {"model": "auth.permission", "pk": 29, "fields": {"name": "Can add email confirmation", "content_type": 8, "codename": "add_emailconfirmation"}}, {"model": "auth.permission", "pk": 30, "fields": {"name": "Can change email confirmation", "content_type": 8, "codename": "change_emailconfirmation"}}, {"model": "auth.permission", "pk": 31, "fields": {"name": "Can delete email confirmation", "content_type": 8, "codename": "delete_emailconfirmation"}}, {"model": "auth.permission", "pk": 32, "fields": {"name": "Can view email confirmation", "content_type": 8, "codename": "view_emailconfirmation"}}, {"model": "auth.permission", "pk": 33, "fields": {"name": "Can add social account", "content_type": 9, "codename": "add_socialaccount"}}, {"model": "auth.permission", "pk": 34, "fields": {"name": "Can change social account", "content_type": 9, "codename": "change_socialaccount"}}, {"model": "auth.permission", "pk": 35, "fields": {"name": "Can delete social account", "content_type": 9, "codename": "delete_socialaccount"}}, {"model": "auth.permission", "pk": 36, "fields": {"name": "Can view social account", "content_type": 9, "codename": "view_socialaccount"}}, {"model": "auth.permission", "pk": 37, "fields": {"name": "Can add social application", "content_type": 10, "codename": "add_socialapp"}}, {"model": "auth.permission", "pk": 38, "fields": {"name": "Can change social application", "content_type": 10, "codename": "change_socialapp"}}, {"model": "auth.permission", "pk": 39, "fields": {"name": "Can delete social application", "content_type": 10, "codename": "delete_socialapp"}}, {"model": "auth.permission", "pk": 40, "fields": {"name": "Can view social application", "content_type": 10, "codename": "view_socialapp"}}, {"model": "auth.permission", "pk": 41, "fields": {"name": "Can add social application token", "content_type": 11, "codename": "add_socialtoken"}}, {"model": "auth.permission", "pk": 42, "fields": {"name": "Can change social application token", "content_type": 11, "codename": "change_socialtoken"}}, {"model": "auth.permission", "pk": 43, "fields": {"name": "Can delete social application token", "content_type": 11, "codename": "delete_socialtoken"}}, {"model": "auth.permission", "pk": 44, "fields": {"name": "Can view social application token", "content_type": 11, "codename": "view_socialtoken"}}, {"model": "auth.permission", "pk": 45, "fields": {"name": "Can add game scores", "content_type": 12, "codename": "add_gamescores"}}, {"model": "auth.permission", "pk": 46, "fields": {"name": "Can change game scores", "content_type": 12, "codename": "change_gamescores"}}, {"model": "auth.permission", "pk": 47, "fields": {"name": "Can delete game scores", "content_type": 12, "codename": "delete_gamescores"}}, {"model": "auth.permission", "pk": 48, "fields": {"name": "Can view game scores", "content_type": 12, "codename": "view_gamescores"}}, {"model": "auth.permission", "pk": 49, "fields": {"name": "Can add auth group", "content_type": 13, "codename": "add_authgroup"}}, {"model": "auth.permission", "pk": 50, "fields": {"name": "Can change auth group", "content_type": 13, "codename": "change_authgroup"}}, {"model": "auth.permission", "pk": 51, "fields": {"name": "Can delete auth group", "content_type": 13, "codename": "delete_authgroup"}}, {"model": "auth.permission", "pk": 52, "fields": {"name": "Can view auth group", "content_type": 13, "codename": "view_authgroup"}}, {"model": "auth.permission", "pk": 53, "fields": {"name": "Can add auth group permissions", "content_type": 14, "codename": "add_authgrouppermissions"}}, {"model": "auth.permission", "pk": 54, "fields": {"name": "Can change auth group permissions", "content_type": 14, "codename": "change_authgrouppermissions"}}, {"model": "auth.permission", "pk": 55, "fields": {"name": "Can delete auth group permissions", "content_type": 14, "codename": "delete_authgrouppermissions"}}, {"model": "auth.permission", "pk": 56, "fields": {"name": "Can view auth group permissions", "content_type": 14, "codename": "view_authgrouppermissions"}}, {"model": "auth.permission", "pk": 57, "fields": {"name": "Can add auth permission", "content_type": 15, "codename": "add_authpermission"}}, {"model": "auth.permission", "pk": 58, "fields": {"name": "Can change auth permission", "content_type": 15, "codename": "change_authpermission"}}, {"model": "auth.permission", "pk": 59, "fields": {"name": "Can delete auth permission", "content_type": 15, "codename": "delete_authpermission"}}, {"model": "auth.permission", "pk": 60, "fields": {"name": "Can view auth permission", "content_type": 15, "codename": "view_authpermission"}}, {"model": "auth.permission", "pk": 61, "fields": {"name": "Can add django admin log", "content_type": 16, "codename": "add_djangoadminlog"}}, {"model": "auth.permission", "pk": 62, "fields": {"name": "Can change django admin log", "content_type": 16, "codename": "change_djangoadminlog"}}, {"model": "auth.permission", "pk": 63, "fields": {"name": "Can delete django admin log", "content_type": 16, "codename": "delete_djangoadminlog"}}, {"model": "auth.permission", "pk": 64, "fields": {"name": "Can view django admin log", "content_type": 16, "codename": "view_djangoadminlog"}}, {"model": "auth.permission", "pk": 65, "fields": {"name": "Can add django content type", "content_type": 17, "codename": "add_djangocontenttype"}}, {"model": "auth.permission", "pk": 66, "fields": {"name": "Can change django content type", "content_type": 17, "codename": "change_djangocontenttype"}}, {"model": "auth.permission", "pk": 67, "fields": {"name": "Can delete django content type", "content_type": 17, "codename": "delete_djangocontenttype"}}, {"model": "auth.permission", "pk": 68, "fields": {"name": "Can view django content type", "content_type": 17, "codename": "view_djangocontenttype"}}, {"model": "auth.permission", "pk": 69, "fields": {"name": "Can add django session", "content_type": 18, "codename": "add_djangosession"}}, {"model": "auth.permission", "pk": 70, "fields": {"name": "Can change django session", "content_type": 18, "codename": "change_djangosession"}}, {"model": "auth.permission", "pk": 71, "fields": {"name": "Can delete django session", "content_type": 18, "codename": "delete_djangosession"}}, {"model": "auth.permission", "pk": 72, "fields": {"name": "Can view django session", "content_type": 18, "codename": "view_djangosession"}}, {"model": "auth.permission", "pk": 73, "fields": {"name": "Can add games gamescores", "content_type": 19, "codename": "add_gamesgamescores"}}, {"model": "auth.permission", "pk": 74, "fields": {"name": "Can change games gamescores", "content_type": 19, "codename": "change_gamesgamescores"}}, {"model": "auth.permission", "pk": 75, "fields": {"name": "Can delete games gamescores", "content_type": 19, "codename": "delete_gamesgamescores"}}, {"model": "auth.permission", "pk": 76, "fields": {"name": "Can view games gamescores", "content_type": 19, "codename": "view_gamesgamescores"}}, {"model": "auth.permission", "pk": 77, "fields": {"name": "Can add custom user", "content_type": 20, "codename": "add_customuser"}}, {"model": "auth.permission", "pk": 78, "fields": {"name": "Can change custom user", "content_type": 20, "codename": "change_customuser"}}, {"model": "auth.permission", "pk": 79, "fields": {"name": "Can delete custom user", "content_type": 20, "codename": "delete_customuser"}}, {"model": "auth.permission", "pk": 80, "fields": {"name": "Can view custom user", "content_type": 20, "codename": "view_customuser"}}, {"model": "auth.permission", "pk": 81, "fields": {"name": "Can add review model", "content_type": 21, "codename": "add_reviewmodel"}}, {"model": "auth.permission", "pk": 82, "fields": {"name": "Can change review model", "content_type": 21, "codename": "change_reviewmodel"}}, {"model": "auth.permission", "pk": 83, "fields": {"name": "Can delete review model", "content_type": 21, "codename": "delete_reviewmodel"}}, {"model": "auth.permission", "pk": 84, "fields": {"name": "Can view review model", "content_type": 21, "codename": "view_reviewmodel"}}, {"model": "auth.permission", "pk": 85, "fields": {"name": "Can add review vote", "content_type": 22, "codename": "add_reviewvote"}}, {"model": "auth.permission", "pk": 86, "fields": {"name": "Can change review vote", "content_type": 22, "codename": "change_reviewvote"}}, {"model": "auth.permission", "pk": 87, "fields": {"name": "Can delete review vote", "content_type": 22, "codename": "delete_reviewvote"}}, {"model": "auth.permission", "pk": 88, "fields": {"name": "Can view review vote", "content_type": 22, "codename": "view_reviewvote"}}, {"model": "auth.permission", "pk": 89, "fields": {"name": "Can add custom user permissions", "content_type": 23, "codename": "add_customuserpermissions"}}, {"model": "auth.permission", "pk": 90, "fields": {"name": "Can change custom user permissions", "content_type": 23, "codename": "change_customuserpermissions"}}, {"model": "auth.permission", "pk": 91, "fields": {"name": "Can delete custom user permissions", "content_type": 23, "codename": "delete_customuserpermissions"}}, {"model": "auth.permission", "pk": 92, "fields": {"name": "Can view custom user permissions", "content_type": 23, "codename": "view_customuserpermissions"}}, {"model": "auth.permission", "pk": 93, "fields": {"name": "Can add custom user groups", "content_type": 24, "codename": "add_customusergroups"}}, {"model": "auth.permission", "pk": 94, "fields": {"name": "Can change custom user groups", "content_type": 24, "codename": "change_customusergroups"}}, {"model": "auth.permission", "pk": 95, "fields": {"name": "Can delete custom user groups", "content_type": 24, "codename": "delete_customusergroups"}}, {"model": "auth.permission", "pk": 96, "fields": {"name": "Can view custom user groups", "content_type": 24, "codename": "view_customusergroups"}}, {"model": "auth.permission", "pk": 97, "fields": {"name": "Can add contact", "content_type": 25, "codename": "add_contact"}}, {"model": "auth.permission", "pk": 98, "fields": {"name": "Can change contact", "content_type": 25, "codename": "change_contact"}}, {"model": "auth.permission", "pk": 99, "fields": {"name": "Can delete contact", "content_type": 25, "codename": "delete_contact"}}, {"model": "auth.permission", "pk": 100, "fields": {"name": "Can view contact", "content_type": 25, "codename": "view_contact"}}, {"model": "auth.permission", "pk": 101, "fields": {"name": "Can add comment", "content_type": 26, "codename": "add_comment"}}, {"model": "auth.permission", "pk": 102, "fields": {"name": "Can change comment", "content_type": 26, "codename": "change_comment"}}, {"model": "auth.permission", "pk": 103, "fields": {"name": "Can delete comment", "content_type": 26, "codename": "delete_comment"}}, {"model": "auth.permission", "pk": 104, "fields": {"name": "Can view comment", "content_type": 26, "codename": "view_comment"}}, {"model": "auth.permission", "pk": 105, "fields": {"name": "Can add review", "content_type": 28, "codename": "add_review"}}, {"model": "auth.permission", "pk": 106, "fields": {"name": "Can change review", "content_type": 28, "codename": "change_review"}}, {"model": "auth.permission", "pk": 107, "fields": {"name": "Can delete review", "content_type": 28, "codename": "delete_review"}}, {"model": "auth.permission", "pk": 108, "fields": {"name": "Can view review", "content_type": 28, "codename": "view_review"}}, {"model": "auth.permission", "pk": 109, "fields": {"name": "Can add game", "content_type": 27, "codename": "add_game"}}, {"model": "auth.permission", "pk": 110, "fields": {"name": "Can change game", "content_type": 27, "codename": "change_game"}}, {"model": "auth.permission", "pk": 111, "fields": {"name": "Can delete game", "content_type": 27, "codename": "delete_game"}}, {"model": "auth.permission", "pk": 112, "fields": {"name": "Can view game", "content_type": 27, "codename": "view_game"}}, {"model": "contenttypes.contenttype", "pk": 1, "fields": {"app_label": "admin", "model": "logentry"}}, {"model": "contenttypes.contenttype", "pk": 2, "fields": {"app_label": "auth", "model": "permission"}}, {"model": "contenttypes.contenttype", "pk": 3, "fields": {"app_label": "auth", "model": "group"}}, {"model": "contenttypes.contenttype", "pk": 4, "fields": {"app_label": "contenttypes", "model": "contenttype"}}, {"model": "contenttypes.contenttype", "pk": 5, "fields": {"app_label": "sessions", "model": "session"}}, {"model": "contenttypes.contenttype", "pk": 6, "fields": {"app_label": "sites", "model": "site"}}, {"model": "contenttypes.contenttype", "pk": 7, "fields": {"app_label": "account", "model": "emailaddress"}}, {"model": "contenttypes.contenttype", "pk": 8, "fields": {"app_label": "account", "model": "emailconfirmation"}}, {"model": "contenttypes.contenttype", "pk": 9, "fields": {"app_label": "socialaccount", "model": "socialaccount"}}, {"model": "contenttypes.contenttype", "pk": 10, "fields": {"app_label": "socialaccount", "model": "socialapp"}}, {"model": "contenttypes.contenttype", "pk": 11, "fields": {"app_label": "socialaccount", "model": "socialtoken"}}, {"model": "contenttypes.contenttype", "pk": 12, "fields": {"app_label": "games", "model": "gamescores"}}, {"model": "contenttypes.contenttype", "pk": 13, "fields": {"app_label": "users", "model": "authgroup"}}, {"model": "contenttypes.contenttype", "pk": 14, "fields": {"app_label": "users", "model": "authgrouppermissions"}}, {"model": "contenttypes.contenttype", "pk": 15, "fields": {"app_label": "users", "model": "authpermission"}}, {"model": "contenttypes.contenttype", "pk": 16, "fields": {"app_label": "users", "model": "djangoadminlog"}}, {"model": "contenttypes.contenttype", "pk": 17, "fields": {"app_label": "users", "model": "djangocontenttype"}}, {"model": "contenttypes.contenttype", "pk": 18, "fields": {"app_label": "users", "model": "djangosession"}}, {"model": "contenttypes.contenttype", "pk": 19, "fields": {"app_label": "users", "model": "gamesgamescores"}}, {"model": "contenttypes.contenttype", "pk": 20, "fields": {"app_label": "users", "model": "customuser"}}, {"model": "contenttypes.contenttype", "pk": 21, "fields": {"app_label": "users", "model": "reviewmodel"}}, {"model": "contenttypes.contenttype", "pk": 22, "fields": {"app_label": "users", "model": "reviewvote"}}, {"model": "contenttypes.contenttype", "pk": 23, "fields": {"app_label": "users", "model": "customuserpermissions"}}, {"model": "contenttypes.contenttype", "pk": 24, "fields": {"app_label": "users", "model": "customusergroups"}}, {"model": "contenttypes.contenttype", "pk": 25, "fields": {"app_label": "contact", "model": "contact"}}, {"model": "contenttypes.contenttype", "pk": 26, "fields": {"app_label": "users", "model": "comment"}}, {"model": "contenttypes.contenttype", "pk": 27, "fields": {"app_label": "review", "model": "game"}}, {"model": "contenttypes.contenttype", "pk": 28, "fields": {"app_label": "review", "model": "review"}}, {"model": "sessions.session", "pk": "iawovbplp8f9ouya79iku3rvw89wwfiv", "fields": {"session_data": ".eJxVjcsOgjAQRf-la0OmHR4DO_2RZjqMoZGAsSXRGP9dICx0eV_nvo3nJQ9-SfrwsTedseb06wWWm05bwOO42QWLzMuUi71zxKk4r0qnHIVznKfLsfpDDZyGlVMCkthQqTZCjKF20lQWEah0AV3QqyVLVKM2rWWwPba2AgECIAe4Q5OmtN54fd7j42U6-HwBewdCFw:1pEG2V:G3Tv0GNSBVZhPd7X0rslp6nEV53pEQMMcyVmnWC3jiQ", "expire_date": "2023-01-21T20:43:39.589Z"}}, {"model": "sessions.session", "pk": "utmosauj80zgg0r62zntcfvbg0vvmoo5", "fields": {"session_data": ".eJxVjcsOgjAQRf-la0NmWh4DO_2RZjqMoZGAsSXRGP9dICx0eV_nvo3nJQ9-SfrwsTedQXP69QLLTact4HHc7IJF5mXKxd454lScV6VTjsI5ztPlWP2hBk7DyinBkWCoVBshdqG20lToHFBpg7NBr0hIVDttWmTA3rVYgQABkAW3Q5OmtN54fd7j42U6tNDWAJ8vCixDSQ:1pEcsg:qxP8-PkyFtqOtNZp61ttHIRP-97SlY1jaiMV36CSsAs", "expire_date": "2023-01-22T21:07:02.878Z"}}, {"model": "sites.site", "pk": 1, "fields": {"domain": "example.com", "name": "example.com"}}, {"model": "account.emailaddress", "pk": 1, "fields": {"user": 3, "email": "bgrove1@cox.net", "verified": true, "primary": true}}, {"model": "account.emailaddress", "pk": 2, "fields": {"user": 4, "email": "bgrove1974@gmail.com", "verified": false, "primary": true}}, {"model": "contact.contact", "pk": 1, "fields": {"email": "bgroveben@gmail.com", "subject": "subject", "message": "This is a test."}}, {"model": "contact.contact", "pk": 28, "fields": {"email": "bgrove1@cox.net", "subject": "Additional testing", "message": "message"}}, {"model": "games.gamescores", "pk": 1, "fields": {"created": "2023-01-06T18:44:08.287Z", "username": "bgrove1", "score": 8, "operation": "x", "gamelength": "60", "maxnum": "20", "game": "MATH"}}, {"model": "games.gamescores", "pk": 2, "fields": {"created": "2023-01-06T18:44:13.215Z", "username": "bgrove1", "score": 8, "operation": "x", "gamelength": "60", "maxnum": "20", "game": "MATH"}}, {"model": "games.gamescores", "pk": 3, "fields": {"created": "2023-01-06T18:48:28.798Z", "username": "bgroveben", "score": 10, "operation": "8", "gamelength": "60", "maxnum": "8", "game": "ANAGRAM"}}, {"model": "games.gamescores", "pk": 4, "fields": {"created": "2023-01-06T18:53:26.381Z", "username": "abcdefghi", "score": 33, "operation": "5", "gamelength": "120", "maxnum": "5", "game": "ANAGRAM"}}, {"model": "users.authpermission", "pk": 1, "fields": {"name": "Can add log entry", "content_type": 1, "codename": "add_logentry"}}, {"model": "users.authpermission", "pk": 2, "fields": {"name": "Can change log entry", "content_type": 1, "codename": "change_logentry"}}, {"model": "users.authpermission", "pk": 3, "fields": {"name": "Can delete log entry", "content_type": 1, "codename": "delete_logentry"}}, {"model": "users.authpermission", "pk": 4, "fields": {"name": "Can view log entry", "content_type": 1, "codename": "view_logentry"}}, {"model": "users.authpermission", "pk": 5, "fields": {"name": "Can add permission", "content_type": 2, "codename": "add_permission"}}, {"model": "users.authpermission", "pk": 6, "fields": {"name": "Can change permission", "content_type": 2, "codename": "change_permission"}}, {"model": "users.authpermission", "pk": 7, "fields": {"name": "Can delete permission", "content_type": 2, "codename": "delete_permission"}}, {"model": "users.authpermission", "pk": 8, "fields": {"name": "Can view permission", "content_type": 2, "codename": "view_permission"}}, {"model": "users.authpermission", "pk": 9, "fields": {"name": "Can add group", "content_type": 3, "codename": "add_group"}}, {"model": "users.authpermission", "pk": 10, "fields": {"name": "Can change group", "content_type": 3, "codename": "change_group"}}, {"model": "users.authpermission", "pk": 11, "fields": {"name": "Can delete group", "content_type": 3, "codename": "delete_group"}}, {"model": "users.authpermission", "pk": 12, "fields": {"name": "Can view group", "content_type": 3, "codename": "view_group"}}, {"model": "users.authpermission", "pk": 13, "fields": {"name": "Can add content type", "content_type": 4, "codename": "add_contenttype"}}, {"model": "users.authpermission", "pk": 14, "fields": {"name": "Can change content type", "content_type": 4, "codename": "change_contenttype"}}, {"model": "users.authpermission", "pk": 15, "fields": {"name": "Can delete content type", "content_type": 4, "codename": "delete_contenttype"}}, {"model": "users.authpermission", "pk": 16, "fields": {"name": "Can view content type", "content_type": 4, "codename": "view_contenttype"}}, {"model": "users.authpermission", "pk": 17, "fields": {"name": "Can add session", "content_type": 5, "codename": "add_session"}}, {"model": "users.authpermission", "pk": 18, "fields": {"name": "Can change session", "content_type": 5, "codename": "change_session"}}, {"model": "users.authpermission", "pk": 19, "fields": {"name": "Can delete session", "content_type": 5, "codename": "delete_session"}}, {"model": "users.authpermission", "pk": 20, "fields": {"name": "Can view session", "content_type": 5, "codename": "view_session"}}, {"model": "users.authpermission", "pk": 21, "fields": {"name": "Can add site", "content_type": 6, "codename": "add_site"}}, {"model": "users.authpermission", "pk": 22, "fields": {"name": "Can change site", "content_type": 6, "codename": "change_site"}}, {"model": "users.authpermission", "pk": 23, "fields": {"name": "Can delete site", "content_type": 6, "codename": "delete_site"}}, {"model": "users.authpermission", "pk": 24, "fields": {"name": "Can view site", "content_type": 6, "codename": "view_site"}}, {"model": "users.authpermission", "pk": 25, "fields": {"name": "Can add email address", "content_type": 7, "codename": "add_emailaddress"}}, {"model": "users.authpermission", "pk": 26, "fields": {"name": "Can change email address", "content_type": 7, "codename": "change_emailaddress"}}, {"model": "users.authpermission", "pk": 27, "fields": {"name": "Can delete email address", "content_type": 7, "codename": "delete_emailaddress"}}, {"model": "users.authpermission", "pk": 28, "fields": {"name": "Can view email address", "content_type": 7, "codename": "view_emailaddress"}}, {"model": "users.authpermission", "pk": 29, "fields": {"name": "Can add email confirmation", "content_type": 8, "codename": "add_emailconfirmation"}}, {"model": "users.authpermission", "pk": 30, "fields": {"name": "Can change email confirmation", "content_type": 8, "codename": "change_emailconfirmation"}}, {"model": "users.authpermission", "pk": 31, "fields": {"name": "Can delete email confirmation", "content_type": 8, "codename": "delete_emailconfirmation"}}, {"model": "users.authpermission", "pk": 32, "fields": {"name": "Can view email confirmation", "content_type": 8, "codename": "view_emailconfirmation"}}, {"model": "users.authpermission", "pk": 33, "fields": {"name": "Can add social account", "content_type": 9, "codename": "add_socialaccount"}}, {"model": "users.authpermission", "pk": 34, "fields": {"name": "Can change social account", "content_type": 9, "codename": "change_socialaccount"}}, {"model": "users.authpermission", "pk": 35, "fields": {"name": "Can delete social account", "content_type": 9, "codename": "delete_socialaccount"}}, {"model": "users.authpermission", "pk": 36, "fields": {"name": "Can view social account", "content_type": 9, "codename": "view_socialaccount"}}, {"model": "users.authpermission", "pk": 37, "fields": {"name": "Can add social application", "content_type": 10, "codename": "add_socialapp"}}, {"model": "users.authpermission", "pk": 38, "fields": {"name": "Can change social application", "content_type": 10, "codename": "change_socialapp"}}, {"model": "users.authpermission", "pk": 39, "fields": {"name": "Can delete social application", "content_type": 10, "codename": "delete_socialapp"}}, {"model": "users.authpermission", "pk": 40, "fields": {"name": "Can view social application", "content_type": 10, "codename": "view_socialapp"}}, {"model": "users.authpermission", "pk": 41, "fields": {"name": "Can add social application token", "content_type": 11, "codename": "add_socialtoken"}}, {"model": "users.authpermission", "pk": 42, "fields": {"name": "Can change social application token", "content_type": 11, "codename": "change_socialtoken"}}, {"model": "users.authpermission", "pk": 43, "fields": {"name": "Can delete social application token", "content_type": 11, "codename": "delete_socialtoken"}}, {"model": "users.authpermission", "pk": 44, "fields": {"name": "Can view social application token", "content_type": 11, "codename": "view_socialtoken"}}, {"model": "users.authpermission", "pk": 45, "fields": {"name": "Can add game scores", "content_type": 12, "codename": "add_gamescores"}}, {"model": "users.authpermission", "pk": 46, "fields": {"name": "Can change game scores", "content_type": 12, "codename": "change_gamescores"}}, {"model": "users.authpermission", "pk": 47, "fields": {"name": "Can delete game scores", "content_type": 12, "codename": "delete_gamescores"}}, {"model": "users.authpermission", "pk": 48, "fields": {"name": "Can view game scores", "content_type": 12, "codename": "view_gamescores"}}, {"model": "users.authpermission", "pk": 49, "fields": {"name": "Can add auth group", "content_type": 13, "codename": "add_authgroup"}}, {"model": "users.authpermission", "pk": 50, "fields": {"name": "Can change auth group", "content_type": 13, "codename": "change_authgroup"}}, {"model": "users.authpermission", "pk": 51, "fields": {"name": "Can delete auth group", "content_type": 13, "codename": "delete_authgroup"}}, {"model": "users.authpermission", "pk": 52, "fields": {"name": "Can view auth group", "content_type": 13, "codename": "view_authgroup"}}, {"model": "users.authpermission", "pk": 53, "fields": {"name": "Can add auth group permissions", "content_type": 14, "codename": "add_authgrouppermissions"}}, {"model": "users.authpermission", "pk": 54, "fields": {"name": "Can change auth group permissions", "content_type": 14, "codename": "change_authgrouppermissions"}}, {"model": "users.authpermission", "pk": 55, "fields": {"name": "Can delete auth group permissions", "content_type": 14, "codename": "delete_authgrouppermissions"}}, {"model": "users.authpermission", "pk": 56, "fields": {"name": "Can view auth group permissions", "content_type": 14, "codename": "view_authgrouppermissions"}}, {"model": "users.authpermission", "pk": 57, "fields": {"name": "Can add auth permission", "content_type": 15, "codename": "add_authpermission"}}, {"model": "users.authpermission", "pk": 58, "fields": {"name": "Can change auth permission", "content_type": 15, "codename": "change_authpermission"}}, {"model": "users.authpermission", "pk": 59, "fields": {"name": "Can delete auth permission", "content_type": 15, "codename": "delete_authpermission"}}, {"model": "users.authpermission", "pk": 60, "fields": {"name": "Can view auth permission", "content_type": 15, "codename": "view_authpermission"}}, {"model": "users.authpermission", "pk": 61, "fields": {"name": "Can add django admin log", "content_type": 16, "codename": "add_djangoadminlog"}}, {"model": "users.authpermission", "pk": 62, "fields": {"name": "Can change django admin log", "content_type": 16, "codename": "change_djangoadminlog"}}, {"model": "users.authpermission", "pk": 63, "fields": {"name": "Can delete django admin log", "content_type": 16, "codename": "delete_djangoadminlog"}}, {"model": "users.authpermission", "pk": 64, "fields": {"name": "Can view django admin log", "content_type": 16, "codename": "view_djangoadminlog"}}, {"model": "users.authpermission", "pk": 65, "fields": {"name": "Can add django content type", "content_type": 17, "codename": "add_djangocontenttype"}}, {"model": "users.authpermission", "pk": 66, "fields": {"name": "Can change django content type", "content_type": 17, "codename": "change_djangocontenttype"}}, {"model": "users.authpermission", "pk": 67, "fields": {"name": "Can delete django content type", "content_type": 17, "codename": "delete_djangocontenttype"}}, {"model": "users.authpermission", "pk": 68, "fields": {"name": "Can view django content type", "content_type": 17, "codename": "view_djangocontenttype"}}, {"model": "users.authpermission", "pk": 69, "fields": {"name": "Can add django session", "content_type": 18, "codename": "add_djangosession"}}, {"model": "users.authpermission", "pk": 70, "fields": {"name": "Can change django session", "content_type": 18, "codename": "change_djangosession"}}, {"model": "users.authpermission", "pk": 71, "fields": {"name": "Can delete django session", "content_type": 18, "codename": "delete_djangosession"}}, {"model": "users.authpermission", "pk": 72, "fields": {"name": "Can view django session", "content_type": 18, "codename": "view_djangosession"}}, {"model": "users.authpermission", "pk": 73, "fields": {"name": "Can add games gamescores", "content_type": 19, "codename": "add_gamesgamescores"}}, {"model": "users.authpermission", "pk": 74, "fields": {"name": "Can change games gamescores", "content_type": 19, "codename": "change_gamesgamescores"}}, {"model": "users.authpermission", "pk": 75, "fields": {"name": "Can delete games gamescores", "content_type": 19, "codename": "delete_gamesgamescores"}}, {"model": "users.authpermission", "pk": 76, "fields": {"name": "Can view games gamescores", "content_type": 19, "codename": "view_gamesgamescores"}}, {"model": "users.authpermission", "pk": 77, "fields": {"name": "Can add custom user", "content_type": 20, "codename": "add_customuser"}}, {"model": "users.authpermission", "pk": 78, "fields": {"name": "Can change custom user", "content_type": 20, "codename": "change_customuser"}}, {"model": "users.authpermission", "pk": 79, "fields": {"name": "Can delete custom user", "content_type": 20, "codename": "delete_customuser"}}, {"model": "users.authpermission", "pk": 80, "fields": {"name": "Can view custom user", "content_type": 20, "codename": "view_customuser"}}, {"model": "users.authpermission", "pk": 81, "fields": {"name": "Can add review model", "content_type": 21, "codename": "add_reviewmodel"}}, {"model": "users.authpermission", "pk": 82, "fields": {"name": "Can change review model", "content_type": 21, "codename": "change_reviewmodel"}}, {"model": "users.authpermission", "pk": 83, "fields": {"name": "Can delete review model", "content_type": 21, "codename": "delete_reviewmodel"}}, {"model": "users.authpermission", "pk": 84, "fields": {"name": "Can view review model", "content_type": 21, "codename": "view_reviewmodel"}}, {"model": "users.authpermission", "pk": 85, "fields": {"name": "Can add review vote", "content_type": 22, "codename": "add_reviewvote"}}, {"model": "users.authpermission", "pk": 86, "fields": {"name": "Can change review vote", "content_type": 22, "codename": "change_reviewvote"}}, {"model": "users.authpermission", "pk": 87, "fields": {"name": "Can delete review vote", "content_type": 22, "codename": "delete_reviewvote"}}, {"model": "users.authpermission", "pk": 88, "fields": {"name": "Can view review vote", "content_type": 22, "codename": "view_reviewvote"}}, {"model": "users.authpermission", "pk": 89, "fields": {"name": "Can add custom user permissions", "content_type": 23, "codename": "add_customuserpermissions"}}, {"model": "users.authpermission", "pk": 90, "fields": {"name": "Can change custom user permissions", "content_type": 23, "codename": "change_customuserpermissions"}}, {"model": "users.authpermission", "pk": 91, "fields": {"name": "Can delete custom user permissions", "content_type": 23, "codename": "delete_customuserpermissions"}}, {"model": "users.authpermission", "pk": 92, "fields": {"name": "Can view custom user permissions", "content_type": 23, "codename": "view_customuserpermissions"}}, {"model": "users.authpermission", "pk": 93, "fields": {"name": "Can add custom user groups", "content_type": 24, "codename": "add_customusergroups"}}, {"model": "users.authpermission", "pk": 94, "fields": {"name": "Can change custom user groups", "content_type": 24, "codename": "change_customusergroups"}}, {"model": "users.authpermission", "pk": 95, "fields": {"name": "Can delete custom user groups", "content_type": 24, "codename": "delete_customusergroups"}}, {"model": "users.authpermission", "pk": 96, "fields": {"name": "Can view custom user groups", "content_type": 24, "codename": "view_customusergroups"}}, {"model": "users.authpermission", "pk": 97, "fields": {"name": "Can add contact", "content_type": 25, "codename": "add_contact"}}, {"model": "users.authpermission", "pk": 98, "fields": {"name": "Can change contact", "content_type": 25, "codename": "change_contact"}}, {"model": "users.authpermission", "pk": 99, "fields": {"name": "Can delete contact", "content_type": 25, "codename": "delete_contact"}}, {"model": "users.authpermission", "pk": 100, "fields": {"name": "Can view contact", "content_type": 25, "codename": "view_contact"}}, {"model": "users.authpermission", "pk": 101, "fields": {"name": "Can add comment", "content_type": 26, "codename": "add_comment"}}, {"model": "users.authpermission", "pk": 102, "fields": {"name": "Can change comment", "content_type": 26, "codename": "change_comment"}}, {"model": "users.authpermission", "pk": 103, "fields": {"name": "Can delete comment", "content_type": 26, "codename": "delete_comment"}}, {"model": "users.authpermission", "pk": 104, "fields": {"name": "Can view comment", "content_type": 26, "codename": "view_comment"}}, {"model": "users.authpermission", "pk": 105, "fields": {"name": "Can add review", "content_type": 28, "codename": "add_review"}}, {"model": "users.authpermission", "pk": 106, "fields": {"name": "Can change review", "content_type": 28, "codename": "change_review"}}, {"model": "users.authpermission", "pk": 107, "fields": {"name": "Can delete review", "content_type": 28, "codename": "delete_review"}}, {"model": "users.authpermission", "pk": 108, "fields": {"name": "Can view review", "content_type": 28, "codename": "view_review"}}, {"model": "users.authpermission", "pk": 109, "fields": {"name": "Can add game", "content_type": 27, "codename": "add_game"}}, {"model": "users.authpermission", "pk": 110, "fields": {"name": "Can change game", "content_type": 27, "codename": "change_game"}}, {"model": "users.authpermission", "pk": 111, "fields": {"name": "Can delete game", "content_type": 27, "codename": "delete_game"}}, {"model": "users.authpermission", "pk": 112, "fields": {"name": "Can view game", "content_type": 27, "codename": "view_game"}}, {"model": "users.djangoadminlog", "pk": 1, "fields": {"action_time": "2023-01-06T03:47:55.985Z", "object_id": "1", "object_repr": "Anagram Hunt", "action_flag": 1, "change_message": "[{\"added\": {}}]", "content_type": 21, "user": 1}}, {"model": "users.djangoadminlog", "pk": 2, "fields": {"action_time": "2023-01-06T18:38:01.787Z", "object_id": "2", "object_repr": "bgrove1", "action_flag": 1, "change_message": "[{\"added\": {}}]", "content_type": 20, "user": 1}}, {"model": "users.djangoadminlog", "pk": 3, "fields": {"action_time": "2023-01-06T18:39:21.112Z", "object_id": "2", "object_repr": "Anagram Hunt. This Text box is too big.", "action_flag": 1, "change_message": "[{\"added\": {}}]", "content_type": 21, "user": 1}}, {"model": "users.djangoadminlog", "pk": 4, "fields": {"action_time": "2023-01-06T18:42:08.572Z", "object_id": "1", "object_repr": "admin", "action_flag": 2, "change_message": "[{\"changed\": {\"fields\": [\"First name\", \"Last name\", \"Date of Birth\"]}}]", "content_type": 20, "user": 1}}, {"model": "users.djangoadminlog", "pk": 5, "fields": {"action_time": "2023-01-06T19:00:49.673Z", "object_id": "2", "object_repr": "bgrove1", "action_flag": 3, "change_message": "", "content_type": 20, "user": 1}}, {"model": "users.djangoadminlog", "pk": 6, "fields": {"action_time": "2023-01-08T21:07:28.230Z", "object_id": "2", "object_repr": "bgrove1@cox.net", "action_flag": 3, "change_message": "", "content_type": 25, "user": 1}}, {"model": "users.djangoadminlog", "pk": 7, "fields": {"action_time": "2023-01-08T21:21:24.984Z", "object_id": "5", "object_repr": "bgrove1@cox.net", "action_flag": 3, "change_message": "", "content_type": 25, "user": 1}}, {"model": "users.djangoadminlog", "pk": 8, "fields": {"action_time": "2023-01-08T21:21:24.986Z", "object_id": "4", "object_repr": "bgrove1@cox.net", "action_flag": 3, "change_message": "", "content_type": 25, "user": 1}}, {"model": "users.djangoadminlog", "pk": 9, "fields": {"action_time": "2023-01-08T21:21:24.987Z", "object_id": "3", "object_repr": "bgrove1@cox.net", "action_flag": 3, "change_message": "", "content_type": 25, "user": 1}}, {"model": "users.djangoadminlog", "pk": 10, "fields": {"action_time": "2023-01-08T21:36:01.282Z", "object_id": "12", "object_repr": "bgrove1@cox.net", "action_flag": 3, "change_message": "", "content_type": 25, "user": 1}}, {"model": "users.djangoadminlog", "pk": 11, "fields": {"action_time": "2023-01-08T21:36:01.284Z", "object_id": "11", "object_repr": "bgrove1@cox.net", "action_flag": 3, "change_message": "", "content_type": 25, "user": 1}}, {"model": "users.djangoadminlog", "pk": 12, "fields": {"action_time": "2023-01-08T21:36:01.285Z", "object_id": "10", "object_repr": "bgrove1@cox.net", "action_flag": 3, "change_message": "", "content_type": 25, "user": 1}}, {"model": "users.djangoadminlog", "pk": 13, "fields": {"action_time": "2023-01-08T21:36:01.286Z", "object_id": "9", "object_repr": "bgrove1@cox.net", "action_flag": 3, "change_message": "", "content_type": 25, "user": 1}}, {"model": "users.djangoadminlog", "pk": 14, "fields": {"action_time": "2023-01-08T21:36:01.287Z", "object_id": "8", "object_repr": "bgrove1@cox.net", "action_flag": 3, "change_message": "", "content_type": 25, "user": 1}}, {"model": "users.djangoadminlog", "pk": 15, "fields": {"action_time": "2023-01-08T21:36:01.288Z", "object_id": "7", "object_repr": "bgrove1@cox.net", "action_flag": 3, "change_message": "", "content_type": 25, "user": 1}}, {"model": "users.djangoadminlog", "pk": 16, "fields": {"action_time": "2023-01-08T21:36:01.289Z", "object_id": "6", "object_repr": "bgrove1@cox.net", "action_flag": 3, "change_message": "", "content_type": 25, "user": 1}}, {"model": "users.djangoadminlog", "pk": 17, "fields": {"action_time": "2023-01-09T19:23:45.435Z", "object_id": "17", "object_repr": "bgrove1@cox.net", "action_flag": 3, "change_message": "", "content_type": 25, "user": 1}}, {"model": "users.djangoadminlog", "pk": 18, "fields": {"action_time": "2023-01-09T19:23:45.441Z", "object_id": "16", "object_repr": "bgrove1@cox.net", "action_flag": 3, "change_message": "", "content_type": 25, "user": 1}}, {"model": "users.djangoadminlog", "pk": 19, "fields": {"action_time": "2023-01-09T19:23:45.442Z", "object_id": "15", "object_repr": "bgrove1@cox.net", "action_flag": 3, "change_message": "", "content_type": 25, "user": 1}}, {"model": "users.djangoadminlog", "pk": 20, "fields": {"action_time": "2023-01-09T19:23:45.443Z", "object_id": "14", "object_repr": "bgrove1@cox.net", "action_flag": 3, "change_message": "", "content_type": 25, "user": 1}}, {"model": "users.djangoadminlog", "pk": 21, "fields": {"action_time": "2023-01-09T19:23:45.444Z", "object_id": "13", "object_repr": "bgrove1@cox.net", "action_flag": 3, "change_message": "", "content_type": 25, "user": 1}}, {"model": "users.djangoadminlog", "pk": 22, "fields": {"action_time": "2023-01-09T23:06:56.768Z", "object_id": "1", "object_repr": "Anagram Hunt", "action_flag": 1, "change_message": "[{\"added\": {}}]", "content_type": 27, "user": 1}}, {"model": "users.djangoadminlog", "pk": 23, "fields": {"action_time": "2023-01-09T23:07:04.026Z", "object_id": "2", "object_repr": "Math Facts", "action_flag": 1, "change_message": "[{\"added\": {}}]", "content_type": 27, "user": 1}}, {"model": "users.djangoadminlog", "pk": 24, "fields": {"action_time": "2023-01-09T23:24:27.852Z", "object_id": "27", "object_repr": "bgrove1@cox.net", "action_flag": 3, "change_message": "", "content_type": 25, "user": 1}}, {"model": "users.djangoadminlog", "pk": 25, "fields": {"action_time": "2023-01-09T23:24:27.854Z", "object_id": "26", "object_repr": "bgrove1@cox.net", "action_flag": 3, "change_message": "", "content_type": 25, "user": 1}}, {"model": "users.djangoadminlog", "pk": 26, "fields": {"action_time": "2023-01-09T23:24:27.855Z", "object_id": "25", "object_repr": "bgrove1@cox.net", "action_flag": 3, "change_message": "", "content_type": 25, "user": 1}}, {"model": "users.djangoadminlog", "pk": 27, "fields": {"action_time": "2023-01-09T23:24:27.856Z", "object_id": "24", "object_repr": "bgrove1@cox.net", "action_flag": 3, "change_message": "", "content_type": 25, "user": 1}}, {"model": "users.djangoadminlog", "pk": 28, "fields": {"action_time": "2023-01-09T23:24:27.857Z", "object_id": "23", "object_repr": "bgrove1@cox.net", "action_flag": 3, "change_message": "", "content_type": 25, "user": 1}}, {"model": "users.djangoadminlog", "pk": 29, "fields": {"action_time": "2023-01-09T23:24:27.858Z", "object_id": "22", "object_repr": "bgrove1@cox.net", "action_flag": 3, "change_message": "", "content_type": 25, "user": 1}}, {"model": "users.djangoadminlog", "pk": 30, "fields": {"action_time": "2023-01-09T23:24:27.859Z", "object_id": "21", "object_repr": "bgrove1@cox.net", "action_flag": 3, "change_message": "", "content_type": 25, "user": 1}}, {"model": "users.djangoadminlog", "pk": 31, "fields": {"action_time": "2023-01-09T23:24:27.859Z", "object_id": "20", "object_repr": "bgrove1@cox.net", "action_flag": 3, "change_message": "", "content_type": 25, "user": 1}}, {"model": "users.djangoadminlog", "pk": 32, "fields": {"action_time": "2023-01-09T23:24:27.860Z", "object_id": "19", "object_repr": "bgrove1@cox.net", "action_flag": 3, "change_message": "", "content_type": 25, "user": 1}}, {"model": "users.djangoadminlog", "pk": 33, "fields": {"action_time": "2023-01-09T23:24:27.861Z", "object_id": "18", "object_repr": "bgrove1@cox.net", "action_flag": 3, "change_message": "", "content_type": 25, "user": 1}}, {"model": "users.djangoadminlog", "pk": 34, "fields": {"action_time": "2023-01-10T02:10:55.713Z", "object_id": "None", "object_repr": "Any Game 1", "action_flag": 1, "change_message": "[{\"added\": {}}]", "content_type": 27, "user": 1}}, {"model": "users.djangoadminlog", "pk": 35, "fields": {"action_time": "2023-01-10T02:29:48.873Z", "object_id": "1", "object_repr": "1", "action_flag": 1, "change_message": "[{\"added\": {}}]", "content_type": 27, "user": 1}}, {"model": "users.djangoadminlog", "pk": 36, "fields": {"action_time": "2023-01-10T02:33:58.291Z", "object_id": "6", "object_repr": "6", "action_flag": 1, "change_message": "[{\"added\": {}}]", "content_type": 27, "user": 1}}, {"model": "users.djangoadminlog", "pk": 37, "fields": {"action_time": "2023-01-10T02:34:47.484Z", "object_id": "9", "object_repr": "9", "action_flag": 1, "change_message": "[{\"added\": {}}]", "content_type": 27, "user": 1}}, {"model": "users.djangoadminlog", "pk": 38, "fields": {"action_time": "2023-01-10T02:38:01.374Z", "object_id": "6", "object_repr": "6", "action_flag": 3, "change_message": "", "content_type": 27, "user": 1}}, {"model": "users.djangoadminlog", "pk": 39, "fields": {"action_time": "2023-01-10T02:40:10.637Z", "object_id": "9", "object_repr": "9", "action_flag": 3, "change_message": "", "content_type": 27, "user": 1}}, {"model": "users.djangoadminlog", "pk": 40, "fields": {"action_time": "2023-01-10T02:40:10.640Z", "object_id": "1", "object_repr": "1", "action_flag": 3, "change_message": "", "content_type": 27, "user": 1}}, {"model": "users.djangoadminlog", "pk": 41, "fields": {"action_time": "2023-01-10T03:11:41.553Z", "object_id": "1", "object_repr": "1", "action_flag": 1, "change_message": "[{\"added\": {}}]", "content_type": 27, "user": 1}}, {"model": "users.djangoadminlog", "pk": 42, "fields": {"action_time": "2023-01-10T03:12:08.116Z", "object_id": "2", "object_repr": "2", "action_flag": 1, "change_message": "[{\"added\": {}}]", "content_type": 27, "user": 1}}, {"model": "users.djangoadminlog", "pk": 43, "fields": {"action_time": "2023-01-10T03:14:48.422Z", "object_id": "None", "object_repr": "Comment", "action_flag": 1, "change_message": "[{\"added\": {}}]", "content_type": 28, "user": 1}}, {"model": "users.djangoadminlog", "pk": 44, "fields": {"action_time": "2023-01-10T03:22:18.524Z", "object_id": "1", "object_repr": "comment", "action_flag": 1, "change_message": "[{\"added\": {}}]", "content_type": 28, "user": 1}}, {"model": "users.djangoadminlog", "pk": 45, "fields": {"action_time": "2023-01-10T03:22:33.121Z", "object_id": "1", "object_repr": "comment", "action_flag": 2, "change_message": "[]", "content_type": 28, "user": 1}}, {"model": "users.djangoadminlog", "pk": 46, "fields": {"action_time": "2023-01-10T03:25:17.874Z", "object_id": "6", "object_repr": "another comment", "action_flag": 1, "change_message": "[{\"added\": {}}]", "content_type": 28, "user": 1}}, {"model": "users.djangoadminlog", "pk": 47, "fields": {"action_time": "2023-01-10T03:27:54.749Z", "object_id": "2", "object_repr": "comment", "action_flag": 1, "change_message": "[{\"added\": {}}]", "content_type": 28, "user": 1}}, {"model": "users.djangoadminlog", "pk": 48, "fields": {"action_time": "2023-01-10T03:28:05.943Z", "object_id": "6", "object_repr": "another comment", "action_flag": 3, "change_message": "", "content_type": 28, "user": 1}}, {"model": "users.djangoadminlog", "pk": 49, "fields": {"action_time": "2023-01-10T03:28:05.946Z", "object_id": "2", "object_repr": "comment", "action_flag": 3, "change_message": "", "content_type": 28, "user": 1}}, {"model": "users.djangoadminlog", "pk": 50, "fields": {"action_time": "2023-01-10T03:28:05.947Z", "object_id": "1", "object_repr": "comment", "action_flag": 3, "change_message": "", "content_type": 28, "user": 1}}, {"model": "users.djangoadminlog", "pk": 51, "fields": {"action_time": "2023-01-10T03:28:25.566Z", "object_id": "1", "object_repr": "A review", "action_flag": 1, "change_message": "[{\"added\": {}}]", "content_type": 28, "user": 1}}, {"model": "users.djangoadminlog", "pk": 52, "fields": {"action_time": "2023-01-10T03:29:00.377Z", "object_id": "1", "object_repr": "A review", "action_flag": 2, "change_message": "[]", "content_type": 28, "user": 1}}, {"model": "users.djangoadminlog", "pk": 53, "fields": {"action_time": "2023-01-12T20:12:54.736Z", "object_id": "1", "object_repr": "Review object (1)", "action_flag": 3, "change_message": "", "content_type": 28, "user": 1}}, {"model": "users.djangoadminlog", "pk": 54, "fields": {"action_time": "2023-01-12T20:36:14.969Z", "object_id": "1", "object_repr": "Review object (1)", "action_flag": 1, "change_message": "[{\"added\": {}}]", "content_type": 28, "user": 1}}, {"model": "users.djangoadminlog", "pk": 55, "fields": {"action_time": "2023-01-12T20:48:40.310Z", "object_id": "1", "object_repr": "ReviewVote object (1)", "action_flag": 1, "change_message": "[{\"added\": {}}]", "content_type": 22, "user": 1}}, {"model": "users.djangoadminlog", "pk": 56, "fields": {"action_time": "2023-01-12T21:14:01.816Z", "object_id": "4", "object_repr": "Review object (4)", "action_flag": 1, "change_message": "[{\"added\": {}}]", "content_type": 28, "user": 1}}, {"model": "users.djangocontenttype", "pk": 1, "fields": {"app_label": "admin", "model": "logentry"}}, {"model": "users.djangocontenttype", "pk": 2, "fields": {"app_label": "auth", "model": "permission"}}, {"model": "users.djangocontenttype", "pk": 3, "fields": {"app_label": "auth", "model": "group"}}, {"model": "users.djangocontenttype", "pk": 4, "fields": {"app_label": "contenttypes", "model": "contenttype"}}, {"model": "users.djangocontenttype", "pk": 5, "fields": {"app_label": "sessions", "model": "session"}}, {"model": "users.djangocontenttype", "pk": 6, "fields": {"app_label": "sites", "model": "site"}}, {"model": "users.djangocontenttype", "pk": 7, "fields": {"app_label": "account", "model": "emailaddress"}}, {"model": "users.djangocontenttype", "pk": 8, "fields": {"app_label": "account", "model": "emailconfirmation"}}, {"model": "users.djangocontenttype", "pk": 9, "fields": {"app_label": "socialaccount", "model": "socialaccount"}}, {"model": "users.djangocontenttype", "pk": 10, "fields": {"app_label": "socialaccount", "model": "socialapp"}}, {"model": "users.djangocontenttype", "pk": 11, "fields": {"app_label": "socialaccount", "model": "socialtoken"}}, {"model": "users.djangocontenttype", "pk": 12, "fields": {"app_label": "games", "model": "gamescores"}}, {"model": "users.djangocontenttype", "pk": 13, "fields": {"app_label": "users", "model": "authgroup"}}, {"model": "users.djangocontenttype", "pk": 14, "fields": {"app_label": "users", "model": "authgrouppermissions"}}, {"model": "users.djangocontenttype", "pk": 15, "fields": {"app_label": "users", "model": "authpermission"}}, {"model": "users.djangocontenttype", "pk": 16, "fields": {"app_label": "users", "model": "djangoadminlog"}}, {"model": "users.djangocontenttype", "pk": 17, "fields": {"app_label": "users", "model": "djangocontenttype"}}, {"model": "users.djangocontenttype", "pk": 18, "fields": {"app_label": "users", "model": "djangosession"}}, {"model": "users.djangocontenttype", "pk": 19, "fields": {"app_label": "users", "model": "gamesgamescores"}}, {"model": "users.djangocontenttype", "pk": 20, "fields": {"app_label": "users", "model": "customuser"}}, {"model": "users.djangocontenttype", "pk": 21, "fields": {"app_label": "users", "model": "reviewmodel"}}, {"model": "users.djangocontenttype", "pk": 22, "fields": {"app_label": "users", "model": "reviewvote"}}, {"model": "users.djangocontenttype", "pk": 23, "fields": {"app_label": "users", "model": "customuserpermissions"}}, {"model": "users.djangocontenttype", "pk": 24, "fields": {"app_label": "users", "model": "customusergroups"}}, {"model": "users.djangocontenttype", "pk": 25, "fields": {"app_label": "contact", "model": "contact"}}, {"model": "users.djangocontenttype", "pk": 26, "fields": {"app_label": "users", "model": "comment"}}, {"model": "users.djangocontenttype", "pk": 27, "fields": {"app_label": "review", "model": "game"}}, {"model": "users.djangocontenttype", "pk": 28, "fields": {"app_label": "review", "model": "review"}}, {"model": "users.djangosession", "pk": "iawovbplp8f9ouya79iku3rvw89wwfiv", "fields": {"session_data": ".eJxVjcsOgjAQRf-la0OmHR4DO_2RZjqMoZGAsSXRGP9dICx0eV_nvo3nJQ9-SfrwsTedseb06wWWm05bwOO42QWLzMuUi71zxKk4r0qnHIVznKfLsfpDDZyGlVMCkthQqTZCjKF20lQWEah0AV3QqyVLVKM2rWWwPba2AgECIAe4Q5OmtN54fd7j42U6-HwBewdCFw:1pEG2V:G3Tv0GNSBVZhPd7X0rslp6nEV53pEQMMcyVmnWC3jiQ", "expire_date": "2023-01-21T20:43:39.589Z"}}, {"model": "users.djangosession", "pk": "utmosauj80zgg0r62zntcfvbg0vvmoo5", "fields": {"session_data": ".eJxVjcsOgjAQRf-la0NmWh4DO_2RZjqMoZGAsSXRGP9dICx0eV_nvo3nJQ9-SfrwsTedQXP69QLLTact4HHc7IJF5mXKxd454lScV6VTjsI5ztPlWP2hBk7DyinBkWCoVBshdqG20lToHFBpg7NBr0hIVDttWmTA3rVYgQABkAW3Q5OmtN54fd7j42U6tNDWAJ8vCixDSQ:1pEcsg:qxP8-PkyFtqOtNZp61ttHIRP-97SlY1jaiMV36CSsAs", "expire_date": "2023-01-22T21:07:02.878Z"}}, {"model": "users.gamesgamescores", "pk": 1, "fields": {"username": "bgrove1", "game": "MATH", "score": 8, "created": "2023-01-06T18:44:08.287Z"}}, {"model": "users.gamesgamescores", "pk": 2, "fields": {"username": "bgrove1", "game": "MATH", "score": 8, "created": "2023-01-06T18:44:13.215Z"}}, {"model": "users.gamesgamescores", "pk": 3, "fields": {"username": "bgroveben", "game": "ANAGRAM", "score": 10, "created": "2023-01-06T18:48:28.798Z"}}, {"model": "users.gamesgamescores", "pk": 4, "fields": {"username": "abcdefghi", "game": "ANAGRAM", "score": 33, "created": "2023-01-06T18:53:26.381Z"}}, {"model": "users.customuser", "pk": 1, "fields": {"password": "pbkdf2_sha256$390000$HS3wbQrGd1LmOYIA5ZphTA$jhd24HxPTh9AQj17LwUY6yvwR7UDNTVJZVC70suNklQ=", "last_login": "2023-01-08T21:07:02.872Z", "is_superuser": true, "username": "admin", "first_name": "Fortunate", "last_name": "Grove", "email": "bgroveben@gmail.com", "is_staff": true, "is_active": true, "date_joined": "2023-01-06T03:46:43Z", "dob": "1976-03-11", "avatar": "", "groups": [], "user_permissions": []}}, {"model": "users.customuser", "pk": 3, "fields": {"password": "pbkdf2_sha256$390000$2dFHlOUfbnzcVST6bcUuFb$rooKcbn7Dowx3NQ2BJB2PJf4XdJS439Ut5+QCjF33ag=", "last_login": "2023-01-06T19:04:59.298Z", "is_superuser": false, "username": "USERNAME", "first_name": "USERNAME", "last_name": "PASSWORD", "email": "bgrove1@cox.net", "is_staff": false, "is_active": true, "date_joined": "2023-01-06T19:04:52.759Z", "dob": "1911-06-06", "avatar": "", "groups": [], "user_permissions": []}}, {"model": "users.customuser", "pk": 4, "fields": {"password": "pbkdf2_sha256$390000$P4UBs4ZeJ7KuoLf6e9nt9j$Xy9DwNfG0WeKfQXMTfqgLxZKGv2VSe8EAacO9GP+ECE=", "last_login": "2023-01-07T19:08:19.109Z", "is_superuser": false, "username": "bgrove1974", "first_name": "Frobenius", "last_name": "Nerdlinger", "email": "bgrove1974@gmail.com", "is_staff": false, "is_active": true, "date_joined": "2023-01-06T19:13:16.322Z", "dob": "1934-10-28", "avatar": "", "groups": [], "user_permissions": []}}, {"model": "users.reviewmodel", "pk": 1, "fields": {"game": "Anagram Hunt", "comment": "I loved it", "customuser": 1, "slug": "anagram-hunt", "created": "2023-01-06T03:47:55.983Z", "updated": "2023-01-06T03:47:55.983Z"}}, {"model": "users.reviewvote", "pk": 1, "fields": {"customuser": 3, "review": 1, "vote": 3, "created": "2023-01-12T20:48:40.308Z", "updated": "2023-01-12T20:48:40.308Z"}}, {"model": "review.review", "pk": "1", "fields": {"user": null, "game_id": null, "votes": 3, "comment": "This is a test"}}, {"model": "review.review", "pk": "4", "fields": {"user": "admin", "game_id": 1, "votes": 4, "comment": "commnet"}}]